branch_name,branch_x,branch_y
Branch_0,37.454011884736246,95.07143064099162
Branch_1,73.1993941811405,59.86584841970366
Branch_2,15.601864044243651,15.599452033620265
Branch_3,5.8083612168199465,86.61761457749351
Branch_4,60.11150117432088,70.80725777960456
Branch_5,2.0584494295802447,96.99098521619943
Branch_6,83.24426408004217,21.233911067827616
Branch_7,18.182496720710063,18.34045098534338
Branch_8,30.42422429595377,52.475643163223786
Branch_9,43.194501864211574,29.122914019804192
